datetime,voltage,current,soc,power,charged_energy,datetime,timestamp,derivative,mean_derivative
2023-05-16 06:59:50.300000+00:00,323.20001220703125,0.30000001192092896,30,1120004997,0,2023-05-16 06:59:50.300000+00:00,1684220390,,0
2023-05-16 06:59:50.400000+00:00,323.61429704938615,0.2857142963579723,30,1119410679.142857,0.000668368,2023-05-16 06:59:50.400000+00:00,1684220390,-0.142857156,0
2023-05-16 06:59:50.500000+00:00,324.02858189174106,0.2714285807950156,30,1118816361.2857144,0.001336736,2023-05-16 06:59:50.500000+00:00,1684220391,-0.142857156,0
2023-05-16 06:59:50.600000+00:00,324.44286673409596,0.2571428652320589,30,1118222043.4285715,0.002005105,2023-05-16 06:59:50.600000+00:00,1684220391,-0.142857156,0
2023-05-16 06:59:50.700000+00:00,324.8571515764509,0.24285714966910227,30,1117627725.5714285,0.002673473,2023-05-16 06:59:50.700000+00:00,1684220391,-0.142857156,0
2023-05-16 06:59:50.800000+00:00,325.2714364188058,0.22857143410614558,30,1117033407.7142856,0.003341841,2023-05-16 06:59:50.800000+00:00,1684220391,-0.142857156,0
2023-05-16 06:59:50.900000+00:00,325.6857212611607,0.2142857185431889,30,1116439089.857143,0.004010209,2023-05-16 06:59:50.900000+00:00,1684220391,-0.142857156,0
2023-05-16 06:59:51+00:00,326.1000061035156,0.20000000298023224,30,1115844772,0.004678578,2023-05-16 06:59:51+00:00,1684220391,-0.142857156,14.824175312296374
2023-05-16 06:59:51.100000+00:00,326.2000034877232,3.428571322134563,30,1123993752.2857144,0.052471063,2023-05-16 06:59:51.100000+00:00,1684220391,32.28571319,17.318680723617362
2023-05-16 06:59:51.200000+00:00,326.3000008719308,6.657142641288893,30,1132142732.5714285,0.100263549,2023-05-16 06:59:51.200000+00:00,1684220391,32.28571319,16.373625905304166
2023-05-16 06:59:51.300000+00:00,326.3999982561384,9.885713960443224,30,1140291712.857143,0.1480560347970043,2023-05-16 06:59:51.300000+00:00,1684220391,32.28571319154331,15.428571086990964
2023-05-16 06:59:51.400000+00:00,326.49999564034596,13.114285279597555,30,1148440693.142857,0.19584852051255958,2023-05-16 06:59:51.400000+00:00,1684220391,32.28571319,14.48351626867776
2023-05-16 06:59:51.500000+00:00,326.59999302455356,16.342856598751887,30,1156589673.4285715,0.24364100622811485,2023-05-16 06:59:51.500000+00:00,1684220392,32.285713191543316,13.538461450364563
2023-05-16 06:59:51.600000+00:00,326.69999040876115,19.571427917906217,30,1164738653.7142856,0.2914334919436702,2023-05-16 06:59:51.600000+00:00,1684220392,32.28571319,12.59340663205136
2023-05-16 06:59:51.700000+00:00,326.79998779296875,22.799999237060547,30,1172887634,0.33922597765922546,2023-05-16 06:59:51.700000+00:00,1684220392,32.28571319,11.648351813738163
2023-05-16 06:59:51.800000+00:00,326.79998779296875,21.55714225769043,30,1172055806.5714285,0.5339280452047075,2023-05-16 06:59:51.800000+00:00,1684220392,-12.42856979,8.208791584103972
2023-05-16 06:59:51.900000+00:00,326.79998779296875,20.314285278320312,30,1171223979.142857,0.7286301127501896,2023-05-16 06:59:51.900000+00:00,1684220392,-12.42856979,5.725275184754486
2023-05-16 06:59:52+00:00,326.79998779296875,19.071428298950195,30,1170392151.7142856,0.9233321802956718,2023-05-16 06:59:52+00:00,1684220392,-12.42856979,3.2417587854050014
2023-05-16 06:59:52.100000+00:00,326.79998779296875,17.828571319580078,30,1169560324.2857144,1.1180342478411538,2023-05-16 06:59:52.100000+00:00,1684220392,-12.42856979,0.7582423860555166
2023-05-16 06:59:52.200000+00:00,326.79998779296875,16.58571434020996,30,1168728496.857143,1.3127363153866358,2023-05-16 06:59:52.200000+00:00,1684220392,-12.42856979,-1.725274013
2023-05-16 06:59:52.300000+00:00,326.79998779296875,15.342857360839844,30,1167896669.4285715,1.507438382932118,2023-05-16 06:59:52.300000+00:00,1684220392,-12.42856979,-4.208790413
2023-05-16 06:59:52.400000+00:00,326.79998779296875,14.100000381469727,30,1167064842,1.70214045,2023-05-16 06:59:52.400000+00:00,1684220392,-12.42856979,-6.692306812
2023-05-16 06:59:52.500000+00:00,326.79998779296875,14.100000381469727,30,1167064842,1.70214045,2023-05-16 06:59:52.500000+00:00,1684220393,0,-5.747252035
2023-05-16 06:59:52.600000+00:00,326.79998779296875,14.100000381469727,30,1167064842,1.70214045,2023-05-16 06:59:52.600000+00:00,1684220393,0,-4.802197257
2023-05-16 06:59:52.700000+00:00,326.79998779296875,14.100000381469727,30,1167064842,1.70214045,2023-05-16 06:59:52.700000+00:00,1684220393,0,-3.85714248
2023-05-16 06:59:52.800000+00:00,326.79998779296875,14.100000381469727,30,1167064842,1.70214045,2023-05-16 06:59:52.800000+00:00,1684220393,0,-2.912087702
2023-05-16 06:59:52.900000+00:00,326.79998779296875,14.100000381469727,30,1167064842,1.70214045,2023-05-16 06:59:52.900000+00:00,1684220393,0,-1.967032925
2023-05-16 06:59:53+00:00,326.79998779296875,14.100000381469727,30,1167064842,1.70214045,2023-05-16 06:59:53+00:00,1684220393,0,-1.021978148
2023-05-16 06:59:53.100000+00:00,326.79998779296875,14.085714612688337,30,1167055280.857143,1.8839459419250488,2023-05-16 06:59:53.100000+00:00,1684220393,-0.142857688,-0.07692337
2023-05-16 06:59:53.200000+00:00,326.79998779296875,14.071428843906947,30,1167045719.7142856,2.0657514333724976,2023-05-16 06:59:53.200000+00:00,1684220393,-0.142857688,-0.07692337
2023-05-16 06:59:53.300000+00:00,326.79998779296875,14.057143075125557,30,1167036158.5714285,2.2475569248199463,2023-05-16 06:59:53.300000+00:00,1684220393,-0.142857688,-0.07692337
2023-05-16 06:59:53.400000+00:00,326.79998779296875,14.04285730634417,30,1167026597.4285715,2.429362416267395,2023-05-16 06:59:53.400000+00:00,1684220393,-0.142857688,-0.07692337
2023-05-16 06:59:53.500000+00:00,326.79998779296875,14.02857153756278,30,1167017036.2857144,2.6111679077148438,2023-05-16 06:59:53.500000+00:00,1684220394,-0.142857688,-0.07692337
2023-05-16 06:59:53.600000+00:00,326.79998779296875,14.01428576878139,30,1167007475.142857,2.7929733991622925,2023-05-16 06:59:53.600000+00:00,1684220394,-0.142857688,-0.07692337
2023-05-16 06:59:53.700000+00:00,326.79998779296875,14,30,1166997914,2.974778890609741,2023-05-16 06:59:53.700000+00:00,1684220394,-0.142857688,-0.07692337
2023-05-16 07:01:25.700000+00:00,327.6000061035156,13.814285823277064,31,1166896250.7142856,245.72996520996094,2023-05-16 07:01:25.700000+00:00,1684220486,-0.142856325,-0.141025445
2023-05-16 07:01:25.800000+00:00,327.6000061035156,13.800000190734863,31,1166886666,245.93972778320312,2023-05-16 07:01:25.800000+00:00,1684220486,-0.142856325,-0.153846007
2023-05-16 07:01:25.900000+00:00,327.6000061035156,13.783333460489908,31,1166877081.4285715,246.11854771205358,2023-05-16 07:01:25.900000+00:00,1684220486,-0.166667302,-0.142857059
2023-05-16 07:01:26+00:00,327.6000061035156,13.766666730244955,31,1166867496.857143,246.2973676,2023-05-16 07:01:26+00:00,1684220486,-0.166667302,-0.131868111
2023-05-16 07:01:26.100000+00:00,327.6000061035156,13.75,31,1166857912.2857144,246.47618756975447,2023-05-16 07:01:26.100000+00:00,1684220486,-0.166667302,-0.120879163
2023-05-16 07:01:26.200000+00:00,327.6000061035156,13.733333269755045,31,1166848327.7142856,246.6550074986049,2023-05-16 07:01:26.200000+00:00,1684220486,-0.166667302,-0.109890215
2023-05-16 07:01:26.300000+00:00,327.6000061035156,13.716666539510092,31,1166838743.142857,246.83382742745536,2023-05-16 07:01:26.300000+00:00,1684220486,-0.166667302,-0.098901267
2023-05-16 07:01:26.400000+00:00,327.6000061035156,13.699999809265137,31,1166829158.5714285,247.0126473563058,2023-05-16 07:01:26.400000+00:00,1684220486,-0.166667302,-0.087912318
2023-05-16 07:01:26.500000+00:00,327.6000061035156,13.699999809265137,31,1166819574,247.19146728515625,2023-05-16 07:01:26.500000+00:00,1684220487,0,-0.07692337
2023-05-16 07:01:26.600000+00:00,327.6000061035156,13.699999809265137,31,1166819574,247.19146728515625,2023-05-16 07:01:26.600000+00:00,1684220487,0,-0.064102809
2023-05-16 07:01:26.700000+00:00,327.6000061035156,13.699999809265137,31,1166819574,247.19146728515625,2023-05-16 07:01:26.700000+00:00,1684220487,0,-0.038461685
2023-05-16 07:01:26.800000+00:00,327.6000061035156,13.699999809265137,31,1166819574,247.19146728515625,2023-05-16 07:01:26.800000+00:00,1684220487,0,-0.012820562
2023-05-16 07:01:26.900000+00:00,327.6000061035156,13.699999809265137,31,1166819574,247.19146728515625,2023-05-16 07:01:26.900000+00:00,1684220487,0,0.012820561726888476
2023-05-16 07:01:27+00:00,327.6000061035156,13.699999809265137,31,1166819574,247.19146728515625,2023-05-16 07:01:27+00:00,1684220487,0,0.038461685
2023-05-16 07:01:27.100000+00:00,327.6000061035156,13.699999809265137,31,1166819574,247.19146728515625,2023-05-16 07:01:27.100000+00:00,1684220487,0,0.064102809
2023-05-16 07:01:27.200000+00:00,327.6000061035156,13.699999809265137,31,1166819574,247.19146728515625,2023-05-16 07:01:27.200000+00:00,1684220487,0,0.07692337
2023-05-16 07:01:27.300000+00:00,327.6000061035156,13.716666539510092,31,1166830756,247.39995829264322,2023-05-16 07:01:27.300000+00:00,1684220487,0.1666673024495502,0.08974381
2023-05-16 07:01:27.400000+00:00,327.6000061035156,13.733333269755045,31,1166841938,247.60844930013022,2023-05-16 07:01:27.400000+00:00,1684220487,0.16666730244953243,0.10256424928322862
2023-05-16 07:01:27.500000+00:00,327.6000061035156,13.75,31,1166853120,247.8169403076172,2023-05-16 07:01:27.500000+00:00,1684220488,0.1666673024495502,0.11538468874417819
2023-05-16 07:01:27.600000+00:00,327.6000061035156,13.766666730244955,31,1166864302,248.02543131510416,2023-05-16 07:01:27.600000+00:00,1684220488,0.1666673024495502,0.12820512820512775
2023-05-16 07:01:27.700000+00:00,327.6000061035156,13.783333460489908,31,1166875484,248.23392232259116,2023-05-16 07:01:27.700000+00:00,1684220488,0.16666730244953243,0.14102556766607868
2023-05-16 07:01:27.800000+00:00,327.6000061035156,13.800000190734863,31,1166886666,248.44241333007812,2023-05-16 07:01:27.800000+00:00,1684220488,0.1666673024495502,0.15384600712702826
2023-05-16 07:01:27.900000+00:00,327.5833384195964,13.816666762034098,31,1166895844,248.62195914132255,2023-05-16 07:01:27.900000+00:00,1684220488,0.16666571299234434,0.15384600712702826
2023-05-16 07:01:28+00:00,327.56667073567706,13.833333333333334,31,1166905022,248.80150495256697,2023-05-16 07:01:28+00:00,1684220488,0.1666657129923621,0.14102544540013978
2023-05-16 07:01:28.100000+00:00,327.5500030517578,13.849999904632568,31,1166914200,248.9810507638114,2023-05-16 07:01:28.100000+00:00,1684220488,0.16666571299234434,0.12820488367325267
2023-05-16 07:01:28.200000+00:00,327.53333536783856,13.866666475931803,31,1166923378,249.1605965750558,2023-05-16 07:01:28.200000+00:00,1684220488,0.16666571299234434,0.11538432194636418
2023-05-16 07:01:28.300000+00:00,327.51666768391925,13.883333047231039,31,1166932556,249.34014238630022,2023-05-16 07:01:28.300000+00:00,1684220488,0.1666657129923621,0.1025637602194757
2023-05-16 07:01:28.400000+00:00,327.5,13.899999618530273,31,1166941734,249.51968819754464,2023-05-16 07:01:28.400000+00:00,1684220488,0.16666571299234434,0.089743198
2023-05-16 07:01:28.500000+00:00,327.5,13.899999618530273,31,1166950912,249.69923400878906,2023-05-16 07:01:28.500000+00:00,1684220489,0,0.076922637
2023-05-16 07:01:28.600000+00:00,327.5,13.899999618530273,31,1166950912,249.69923400878906,2023-05-16 07:01:28.600000+00:00,1684220489,0,0.064102197
2023-05-16 07:01:28.700000+00:00,327.5,13.899999618530273,31,1166950912,249.69923400878906,2023-05-16 07:01:28.700000+00:00,1684220489,0,0.051281757843799625
2023-05-16 07:01:28.800000+00:00,327.5,13.899999618530273,31,1166950912,249.69923400878906,2023-05-16 07:01:28.800000+00:00,1684220489,0,0.038461318
2023-05-16 07:01:28.900000+00:00,327.5,13.899999618530273,31,1166950912,249.69923400878906,2023-05-16 07:01:28.900000+00:00,1684220489,0,0.025640878921900496
2023-05-16 07:01:29+00:00,327.5,13.899999618530273,31,1166950912,249.69923400878906,2023-05-16 07:01:29+00:00,1684220489,0,0.012820439460949564
2023-05-16 07:01:29.100000+00:00,327.5,13.899999618530273,31,1166950912,249.69923400878906,2023-05-16 07:01:29.100000+00:00,1684220489,0,0
2023-05-16 07:01:29.200000+00:00,327.51666768391925,13.899999618530273,31,1166951318.7142856,249.8798588344029,2023-05-16 07:01:29.200000+00:00,1684220489,0,0
2023-05-16 07:01:29.300000+00:00,327.53333536783856,13.899999618530273,31,1166951725.4285715,250.06048366001673,2023-05-16 07:01:29.300000+00:00,1684220489,0,0
2023-05-16 07:01:29.400000+00:00,327.5500030517578,13.899999618530273,31,1166952132.142857,250.24110848563058,2023-05-16 07:01:29.400000+00:00,1684220489,0,0
2023-05-16 07:01:29.500000+00:00,327.56667073567706,13.899999618530273,31,1166952538.857143,250.42173331124442,2023-05-16 07:01:29.500000+00:00,1684220490,0,0
2023-05-16 07:01:29.600000+00:00,327.5833384195964,13.899999618530273,31,1166952945.5714285,250.60235813685827,2023-05-16 07:01:29.600000+00:00,1684220490,0,0
2023-05-16 07:01:29.700000+00:00,327.6000061035156,13.899999618530273,31,1166953352.2857144,250.7829829624721,2023-05-16 07:01:29.700000+00:00,1684220490,0,0
2023-05-16 07:01:29.800000+00:00,327.6000061035156,13.899999618530273,31,1166953759,250.96360778808594,2023-05-16 07:01:29.800000+00:00,1684220490,0,0
2023-05-16 07:01:29.900000+00:00,327.6000061035156,13.899999618530273,31,1166953759,251.14430454799108,2023-05-16 07:01:29.900000+00:00,1684220490,0,0
2023-05-16 07:01:30+00:00,327.6000061035156,13.899999618530273,31,1166953759,251.3250013078962,2023-05-16 07:01:30+00:00,1684220490,0,0
2023-05-16 07:01:30.100000+00:00,327.6000061035156,13.899999618530273,31,1166953759,251.50569806780135,2023-05-16 07:01:30.100000+00:00,1684220490,0,0
2023-05-16 07:01:30.200000+00:00,327.6000061035156,13.899999618530273,31,1166953759,251.68639482770647,2023-05-16 07:01:30.200000+00:00,1684220490,0,0
2023-05-16 07:01:30.300000+00:00,327.6000061035156,13.899999618530273,31,1166953759,251.8670915876116,2023-05-16 07:01:30.300000+00:00,1684220490,0,0
2023-05-16 07:01:30.400000+00:00,327.6000061035156,13.899999618530273,31,1166953759,252.04778834751673,2023-05-16 07:01:30.400000+00:00,1684220490,0,0
2023-05-16 07:01:30.500000+00:00,327.6000061035156,13.899999618530273,31,1166953759,252.22848510742188,2023-05-16 07:01:30.500000+00:00,1684220491,0,0
2023-05-16 07:01:30.600000+00:00,327.6000061035156,13.899999618530273,31,1166953759,252.22848510742188,2023-05-16 07:01:30.600000+00:00,1684220491,0,0
2023-05-16 07:01:30.700000+00:00,327.6000061035156,13.899999618530273,31,1166953759,252.22848510742188,2023-05-16 07:01:30.700000+00:00,1684220491,0,0
2023-05-16 07:01:30.800000+00:00,327.6000061035156,13.899999618530273,31,1166953759,252.22848510742188,2023-05-16 07:01:30.800000+00:00,1684220491,0,0
2023-05-16 07:01:30.900000+00:00,327.6000061035156,13.899999618530273,31,1166953759,252.22848510742188,2023-05-16 07:01:30.900000+00:00,1684220491,0,0
2023-05-16 07:01:31+00:00,327.6000061035156,13.899999618530273,31,1166953759,252.22848510742188,2023-05-16 07:01:31+00:00,1684220491,0,0
2023-05-16 07:01:31.100000+00:00,327.6000061035156,13.899999618530273,31,1166953759,252.22848510742188,2023-05-16 07:01:31.100000+00:00,1684220491,0,0
2023-05-16 07:01:31.200000+00:00,327.6000061035156,13.899999618530273,31,1166953759,252.40889630998885,2023-05-16 07:01:31.200000+00:00,1684220491,0,0
2023-05-16 07:01:31.300000+00:00,327.6000061035156,13.899999618530273,31,1166953759,252.5893075125558,2023-05-16 07:01:31.300000+00:00,1684220491,0,-0.012820439
2023-05-16 07:01:31.400000+00:00,327.6000061035156,13.899999618530273,31,1166953759,252.76971871512276,2023-05-16 07:01:31.400000+00:00,1684220491,0,-0.025640879
2023-05-16 07:01:31.500000+00:00,327.6000061035156,13.899999618530273,31,1166953759,252.95012991768974,2023-05-16 07:01:31.500000+00:00,1684220492,0,-0.038461318
2023-05-16 07:01:31.600000+00:00,327.6000061035156,13.899999618530273,31,1166953759,253.1305411202567,2023-05-16 07:01:31.600000+00:00,1684220492,0,-0.051281758
2023-05-16 07:01:31.700000+00:00,327.6000061035156,13.899999618530273,31,1166953759,253.31095232282365,2023-05-16 07:01:31.700000+00:00,1684220492,0,-0.064102197
2023-05-16 07:01:31.800000+00:00,327.6000061035156,13.899999618530273,31,1166953759,253.49136352539062,2023-05-16 07:01:31.800000+00:00,1684220492,0,-0.076922637
2023-05-16 07:01:31.900000+00:00,327.6000061035156,13.883333047231039,31,1166942576.8333333,253.70208485921225,2023-05-16 07:01:31.900000+00:00,1684220492,-0.166665713,-0.076922637
2023-05-16 07:01:32+00:00,327.6000061035156,13.866666475931803,31,1166931394.6666667,253.91280619303384,2023-05-16 07:01:32+00:00,1684220492,-0.166665713,-0.076922637
2023-05-16 07:01:32.100000+00:00,327.6000061035156,13.849999904632568,31,1166920213,254.12352752685547,2023-05-16 07:01:32.100000+00:00,1684220492,-0.166665713,-0.076922637
2023-05-16 07:01:32.200000+00:00,327.6000061035156,13.833333333333334,31,1166909030.3333333,254.3342488606771,2023-05-16 07:01:32.200000+00:00,1684220492,-0.166665713,-0.076922637
2023-05-16 07:01:32.300000+00:00,327.6000061035156,13.816666762034098,31,1166897848.1666667,254.5449701944987,2023-05-16 07:01:32.300000+00:00,1684220492,-0.166665713,-0.076922637
2023-05-16 07:01:32.400000+00:00,327.6000061035156,13.800000190734863,31,1166886666,254.7556915283203,2023-05-16 07:01:32.400000+00:00,1684220492,-0.166665713,-0.076922637
2023-05-16 07:01:32.500000+00:00,327.6000061035156,13.800000190734863,31,1166886666,254.7556915283203,2023-05-16 07:01:32.500000+00:00,1684220493,0,-0.076922637
2023-05-16 07:01:32.600000+00:00,327.6000061035156,13.800000190734863,31,1166886666,254.7556915283203,2023-05-16 07:01:32.600000+00:00,1684220493,0,-0.064102197
2023-05-16 07:01:32.700000+00:00,327.6000061035156,13.800000190734863,31,1166886666,254.7556915283203,2023-05-16 07:01:32.700000+00:00,1684220493,0,-0.051281758
2023-05-16 07:01:32.800000+00:00,327.6000061035156,13.800000190734863,31,1166886666,254.7556915283203,2023-05-16 07:01:32.800000+00:00,1684220493,0,-0.038461318
2023-05-16 07:01:32.900000+00:00,327.6000061035156,13.800000190734863,31,1166886666,254.7556915283203,2023-05-16 07:01:32.900000+00:00,1684220493,0,-0.025640879
2023-05-16 07:01:33+00:00,327.6000061035156,13.800000190734863,31,1166886666,254.7556915283203,2023-05-16 07:01:33+00:00,1684220493,0,-0.012820439
2023-05-16 07:01:33.100000+00:00,327.6000061035156,13.800000190734863,31,1166886666,254.7556915283203,2023-05-16 07:01:33.100000+00:00,1684220493,0,0
2023-05-16 07:01:33.200000+00:00,327.6000061035156,13.800000190734863,31,1166886666,254.96497853597006,2023-05-16 07:01:33.200000+00:00,1684220493,0,-0.010989053
2023-05-16 07:01:33.300000+00:00,327.6000061035156,13.800000190734863,31,1166886666,255.17426554361978,2023-05-16 07:01:33.300000+00:00,1684220493,0,-0.021978106
2023-05-16 07:01:33.400000+00:00,327.6000061035156,13.800000190734863,31,1166886666,255.38355255126953,2023-05-16 07:01:33.400000+00:00,1684220493,0,-0.032967159
2023-05-16 07:01:33.500000+00:00,327.6000061035156,13.800000190734863,31,1166886666,255.59283955891928,2023-05-16 07:01:33.500000+00:00,1684220494,0,-0.043956212
2023-05-16 07:01:33.600000+00:00,327.6000061035156,13.800000190734863,31,1166886666,255.8021266,2023-05-16 07:01:33.600000+00:00,1684220494,0,-0.054945265
2023-05-16 07:01:33.700000+00:00,327.6000061035156,13.800000190734863,31,1166886666,256.01141357421875,2023-05-16 07:01:33.700000+00:00,1684220494,0,-0.065934317
2023-05-16 07:01:33.800000+00:00,327.6000061035156,13.785714421953474,31,1166876680.5714285,256.1898498535156,2023-05-16 07:01:33.800000+00:00,1684220494,-0.142857688,-0.07692337
2023-05-16 07:01:33.900000+00:00,327.6000061035156,13.771428653172084,31,1166866695.142857,256.3682861328125,2023-05-16 07:01:33.900000+00:00,1684220494,-0.142857688,-0.07692337
2023-05-16 07:01:34+00:00,327.6000061035156,13.757142884390694,31,1166856709.7142856,256.5467224121094,2023-05-16 07:01:34+00:00,1684220494,-0.142857688,-0.07692337
2023-05-16 07:01:34.100000+00:00,327.6000061035156,13.742857115609306,31,1166846724.2857144,256.72515869140625,2023-05-16 07:01:34.100000+00:00,1684220494,-0.142857688,-0.07692337
2023-05-16 07:01:34.200000+00:00,327.6000061035156,13.728571346827916,31,1166836738.857143,256.9035949707031,2023-05-16 07:01:34.200000+00:00,1684220494,-0.142857688,-0.07692337
2023-05-16 07:01:34.300000+00:00,327.6000061035156,13.714285578046526,31,1166826753.4285715,257.0820313,2023-05-16 07:01:34.300000+00:00,1684220494,-0.142857688,-0.07692337
2023-05-16 07:01:34.400000+00:00,327.5857195172991,13.699999809265137,31,1166816768,257.2604675292969,2023-05-16 07:01:34.400000+00:00,1684220494,-0.142857688,-0.07692337
2023-05-16 07:01:34.500000+00:00,327.5714329310826,13.699999809265137,31,1166816768,257.2604675292969,2023-05-16 07:01:34.500000+00:00,1684220495,0,-0.053113756
2023-05-16 07:01:34.600000+00:00,327.55714634486606,13.699999809265137,31,1166816768,257.2604675292969,2023-05-16 07:01:34.600000+00:00,1684220495,0,-0.029304141
2023-05-16 07:01:34.700000+00:00,327.54285975864957,13.699999809265137,31,1166816768,257.2604675292969,2023-05-16 07:01:34.700000+00:00,1684220495,0,-0.005494526
2023-05-16 07:01:34.800000+00:00,327.5285732,13.699999809265137,31,1166816768,257.2604675292969,2023-05-16 07:01:34.800000+00:00,1684220495,0,0.018315088181268473
2023-05-16 07:01:34.900000+00:00,327.51428658621654,13.699999809265137,31,1166816768,257.2604675292969,2023-05-16 07:01:34.900000+00:00,1684220495,0,0.042124703
2023-05-16 07:01:35+00:00,327.5,13.699999809265137,31,1166816768,257.2604675292969,2023-05-16 07:01:35+00:00,1684220495,0,0.065934317
2023-05-16 07:01:35.100000+00:00,327.5,13.716666539510092,31,1166826349.7142856,257.43934849330356,2023-05-16 07:01:35.100000+00:00,1684220495,0.1666673024495502,0.07692337
2023-05-16 07:01:35.200000+00:00,327.5,13.733333269755045,31,1166835931.4285715,257.6182294573103,2023-05-16 07:01:35.200000+00:00,1684220495,0.16666730244953243,0.07692337
2023-05-16 07:01:35.300000+00:00,327.5,13.75,31,1166845513.142857,257.7971104,2023-05-16 07:01:35.300000+00:00,1684220495,0.1666673024495502,0.07692337
2023-05-16 07:01:35.400000+00:00,327.5,13.766666730244955,31,1166855094.857143,257.97599138532365,2023-05-16 07:01:35.400000+00:00,1684220495,0.1666673024495502,0.07692337
2023-05-16 07:01:35.500000+00:00,327.5,13.783333460489908,31,1166864676.5714285,258.15487234933033,2023-05-16 07:01:35.500000+00:00,1684220496,0.16666730244953243,0.07692337
2023-05-16 07:01:35.600000+00:00,327.5,13.800000190734863,31,1166874258.2857144,258.33375331333707,2023-05-16 07:01:35.600000+00:00,1684220496,0.1666673024495502,0.07692337
2023-05-16 07:01:35.700000+00:00,327.5,13.800000190734863,31,1166883840,258.51263427734375,2023-05-16 07:01:35.700000+00:00,1684220496,0,0.07692337
2023-05-16 07:01:35.800000+00:00,327.5,13.800000190734863,31,1166883840,258.51263427734375,2023-05-16 07:01:35.800000+00:00,1684220496,0,0.064102809
2023-05-16 07:01:35.900000+00:00,327.5,13.800000190734863,31,1166883840,258.51263427734375,2023-05-16 07:01:35.900000+00:00,1684220496,0,0.051282247
2023-05-16 07:01:36+00:00,327.5,13.800000190734863,31,1166883840,258.51263427734375,2023-05-16 07:01:36+00:00,1684220496,0,0.038461685
2023-05-16 07:01:36.100000+00:00,327.5,13.800000190734863,31,1166883840,258.51263427734375,2023-05-16 07:01:36.100000+00:00,1684220496,0,0.025641123453775585
2023-05-16 07:01:36.200000+00:00,327.5,13.800000190734863,31,1166883840,258.51263427734375,2023-05-16 07:01:36.200000+00:00,1684220496,0,0.012820561726888476
2023-05-16 07:01:36.300000+00:00,327.5,13.800000190734863,31,1166883840,258.51263427734375,2023-05-16 07:01:36.300000+00:00,1684220496,0,0
2023-05-16 07:01:36.400000+00:00,327.5,13.800000190734863,31,1166883840,258.69227382114957,2023-05-16 07:01:36.400000+00:00,1684220496,0,0
2023-05-16 07:01:36.500000+00:00,327.5,13.800000190734863,31,1166883840,258.87191336495533,2023-05-16 07:01:36.500000+00:00,1684220497,0,0.010988948109385341
2023-05-16 07:01:36.600000+00:00,327.5,13.800000190734863,31,1166883840,259.05155290876115,2023-05-16 07:01:36.600000+00:00,1684220497,0,0.021977896
2023-05-16 07:01:36.700000+00:00,327.5,13.800000190734863,31,1166883840,259.2311925,2023-05-16 07:01:36.700000+00:00,1684220497,0,0.032966844
2023-05-16 07:01:36.800000+00:00,327.5,13.800000190734863,31,1166883840,259.4108319963728,2023-05-16 07:01:36.800000+00:00,1684220497,0,0.043955792
2023-05-16 07:01:36.900000+00:00,327.5,13.800000190734863,31,1166883840,259.59047154017856,2023-05-16 07:01:36.900000+00:00,1684220497,0,0.054944741
2023-05-16 07:01:37+00:00,327.5,13.800000190734863,31,1166883840,259.7701110839844,2023-05-16 07:01:37+00:00,1684220497,0,0.065933689
2023-05-16 07:01:37.100000+00:00,327.5,13.814285823277064,31,1166893421.7142856,259.95057896205356,2023-05-16 07:01:37.100000+00:00,1684220497,0.14285632542200943,0.076922637
2023-05-16 07:01:37.200000+00:00,327.5,13.828571455819267,31,1166903003.4285715,260.1310468401228,2023-05-16 07:01:37.200000+00:00,1684220497,0.1428563254220272,0.076922637
2023-05-16 07:01:37.300000+00:00,327.5,13.842857088361468,31,1166912585.142857,260.3115147,2023-05-16 07:01:37.300000+00:00,1684220497,0.14285632542200943,0.076922637
2023-05-16 07:01:37.400000+00:00,327.5,13.857142720903669,31,1166922166.857143,260.49198259626115,2023-05-16 07:01:37.400000+00:00,1684220497,0.14285632542200943,0.076922637
2023-05-16 07:01:37.500000+00:00,327.5,13.87142835344587,31,1166931748.5714285,260.67245047433033,2023-05-16 07:01:37.500000+00:00,1684220498,0.14285632542200943,0.076922637
2023-05-16 07:01:37.600000+00:00,327.5,13.885713985988072,31,1166941330.2857144,260.85291835239957,2023-05-16 07:01:37.600000+00:00,1684220498,0.1428563254220272,0.076922637
2023-05-16 07:01:37.700000+00:00,327.5,13.899999618530273,31,1166950912,261.03338623046875,2023-05-16 07:01:37.700000+00:00,1684220498,0.14285632542200943,0.076922637
2023-05-16 07:01:37.800000+00:00,327.5,13.899999618530273,31,1166950912,261.03338623046875,2023-05-16 07:01:37.800000+00:00,1684220498,0,0.054944741
2023-05-16 07:01:37.900000+00:00,327.5,13.899999618530273,31,1166950912,261.03338623046875,2023-05-16 07:01:37.900000+00:00,1684220498,0,0.032966844328156025
2023-05-16 07:01:38+00:00,327.5,13.899999618530273,31,1166950912,261.03338623046875,2023-05-16 07:01:38+00:00,1684220498,0,0.010988948109385341
2023-05-16 07:01:38.100000+00:00,327.5,13.899999618530273,31,1166950912,261.03338623046875,2023-05-16 07:01:38.100000+00:00,1684220498,0,-0.010988948
2023-05-16 07:01:38.200000+00:00,327.5,13.899999618530273,31,1166950912,261.03338623046875,2023-05-16 07:01:38.200000+00:00,1684220498,0,-0.032966844
2023-05-16 07:01:38.300000+00:00,327.5,13.899999618530273,31,1166950912,261.03338623046875,2023-05-16 07:01:38.300000+00:00,1684220498,0,-0.054944741
2023-05-16 07:01:38.400000+00:00,327.5,13.885713985988072,31,1166941330.2857144,261.21397181919644,2023-05-16 07:01:38.400000+00:00,1684220498,-0.142856325,-0.076922637
2023-05-16 07:01:38.500000+00:00,327.5,13.87142835344587,31,1166931748.5714285,261.3945574079241,2023-05-16 07:01:38.500000+00:00,1684220499,-0.142856325,-0.064102197
2023-05-16 07:01:38.600000+00:00,327.5,13.857142720903669,31,1166922166.857143,261.5751429966518,2023-05-16 07:01:38.600000+00:00,1684220499,-0.142856325,-0.051281758
2023-05-16 07:01:38.700000+00:00,327.5,13.842857088361468,31,1166912585.142857,261.7557285853795,2023-05-16 07:01:38.700000+00:00,1684220499,-0.142856325,-0.038461318
2023-05-16 07:01:38.800000+00:00,327.5,13.828571455819267,31,1166903003.4285715,261.93631417410717,2023-05-16 07:01:38.800000+00:00,1684220499,-0.142856325,-0.025640879
2023-05-16 07:01:38.900000+00:00,327.5,13.814285823277064,31,1166893421.7142856,262.1168997628348,2023-05-16 07:01:38.900000+00:00,1684220499,-0.142856325,-0.012820439
2023-05-16 07:01:39+00:00,327.5,13.800000190734863,31,1166883840,262.2974853515625,2023-05-16 07:01:39+00:00,1684220499,-0.142856325,0
2023-05-16 07:01:39.100000+00:00,327.5,13.816666762034098,31,1166893421.7142856,262.4776524135045,2023-05-16 07:01:39.100000+00:00,1684220499,0.16666571299234434,0.010988948109385341
2023-05-16 07:01:39.200000+00:00,327.5,13.833333333333334,31,1166903003.4285715,262.65781947544644,2023-05-16 07:01:39.200000+00:00,1684220499,0.1666657129923621,0.021977896
2023-05-16 07:01:39.300000+00:00,327.5,13.849999904632568,31,1166912585.142857,262.8379865373884,2023-05-16 07:01:39.300000+00:00,1684220499,0.16666571299234434,0.032966844
2023-05-16 07:01:39.400000+00:00,327.5,13.866666475931803,31,1166922166.857143,263.01815359933033,2023-05-16 07:01:39.400000+00:00,1684220499,0.16666571299234434,0.043955792
2023-05-16 07:01:39.500000+00:00,327.5,13.883333047231039,31,1166931748.5714285,263.1983206612723,2023-05-16 07:01:39.500000+00:00,1684220500,0.1666657129923621,0.054944741
2023-05-16 07:01:39.600000+00:00,327.5,13.899999618530273,31,1166941330.2857144,263.3784877232143,2023-05-16 07:01:39.600000+00:00,1684220500,0.16666571299234434,0.065933689
2023-05-16 07:01:39.700000+00:00,327.5,13.899999618530273,31,1166950912,263.55865478515625,2023-05-16 07:01:39.700000+00:00,1684220500,0,0.076922637
2023-05-16 07:01:39.800000+00:00,327.5,13.899999618530273,31,1166950912,263.7389439174107,2023-05-16 07:01:39.800000+00:00,1684220500,0,0.053113249
2023-05-16 07:01:39.900000+00:00,327.5,13.899999618530273,31,1166950912,263.9192330496652,2023-05-16 07:01:39.900000+00:00,1684220500,0,0.029303861625027575
2023-05-16 07:01:40+00:00,327.5,13.899999618530273,31,1166950912,264.09952218191967,2023-05-16 07:01:40+00:00,1684220500,0,0.005494474
2023-05-16 07:01:40.100000+00:00,327.5,13.899999618530273,31,1166950912,264.2798113141741,2023-05-16 07:01:40.100000+00:00,1684220500,0,-0.018314914
2023-05-16 07:01:40.200000+00:00,327.5,13.899999618530273,31,1166950912,264.46010044642856,2023-05-16 07:01:40.200000+00:00,1684220500,0,-0.042124301
2023-05-16 07:01:40.300000+00:00,327.5,13.899999618530273,31,1166950912,264.6403896,2023-05-16 07:01:40.300000+00:00,1684220500,0,-0.065933689
2023-05-16 07:01:40.400000+00:00,327.5,13.885713985988072,31,1166941330.2857144,264.8206787109375,2023-05-16 07:01:40.400000+00:00,1684220500,-0.142856325,-0.076922637
2023-05-16 07:01:40.500000+00:00,327.5,13.87142835344587,31,1166931748.5714285,264.8206787109375,2023-05-16 07:01:40.500000+00:00,1684220501,-0.142856325,-0.08791169
2023-05-16 07:01:40.600000+00:00,327.5,13.857142720903669,31,1166922166.857143,264.8206787109375,2023-05-16 07:01:40.600000+00:00,1684220501,-0.142856325,-0.098900743
2023-05-16 07:01:40.700000+00:00,327.5,13.842857088361468,31,1166912585.142857,264.8206787109375,2023-05-16 07:01:40.700000+00:00,1684220501,-0.142856325,-0.109889795
2023-05-16 07:01:40.800000+00:00,327.5,13.828571455819267,31,1166903003.4285715,264.8206787109375,2023-05-16 07:01:40.800000+00:00,1684220501,-0.142856325,-0.120878848
2023-05-16 07:01:40.900000+00:00,327.5,13.814285823277064,31,1166893421.7142856,264.8206787109375,2023-05-16 07:01:40.900000+00:00,1684220501,-0.142856325,-0.131867901
2023-05-16 07:01:41+00:00,327.5,13.800000190734863,31,1166883840,264.8206787109375,2023-05-16 07:01:41+00:00,1684220501,-0.142856325,-0.142856954
2023-05-16 07:01:41.100000+00:00,327.48571341378346,13.785714421953474,31,1166873857.4285715,264.97704315185547,2023-05-16 07:01:41.100000+00:00,1684220501,-0.142857688,-0.142857059
2023-05-16 07:01:41.200000+00:00,327.4714268,13.771428653172084,31,1166863874.857143,265.13340759277344,2023-05-16 07:01:41.200000+00:00,1684220501,-0.142857688,-0.10989011
2023-05-16 07:01:41.300000+00:00,327.45714024135043,13.757142884390694,31,1166853892.2857144,265.2897720336914,2023-05-16 07:01:41.300000+00:00,1684220501,-0.142857688,-0.076923161
2023-05-16 07:01:41.400000+00:00,327.44285365513394,13.742857115609306,31,1166843909.7142856,265.4461364746094,2023-05-16 07:01:41.400000+00:00,1684220501,-0.142857688,-0.043956212
2023-05-16 07:01:41.500000+00:00,327.4285670689174,13.728571346827916,31,1166833927.142857,265.60250091552734,2023-05-16 07:01:41.500000+00:00,1684220502,-0.142857688,-0.010989263
2023-05-16 07:01:41.600000+00:00,327.4142804827009,13.714285578046526,31,1166823944.5714285,265.7588653564453,2023-05-16 07:01:41.600000+00:00,1684220502,-0.142857688,0.021977686620021385
2023-05-16 07:01:41.700000+00:00,327.3999938964844,13.699999809265137,31,1166813962,265.9152297973633,2023-05-16 07:01:41.700000+00:00,1684220502,-0.142857688,0.054944636
2023-05-16 07:01:41.800000+00:00,327.4142804827009,13.728571210588727,31,1166833526.2857144,266.07159423828125,2023-05-16 07:01:41.800000+00:00,1684220502,0.28571401323590706,0.08791169
2023-05-16 07:01:41.900000+00:00,327.4285670689174,13.757142611912318,31,1166853090.5714285,266.2808787027995,2023-05-16 07:01:41.900000+00:00,1684220502,0.28571401323590706,0.098900743
2023-05-16 07:01:42+00:00,327.44285365513394,13.785714013235909,31,1166872654.857143,266.4901631673177,2023-05-16 07:01:42+00:00,1684220502,0.28571401323590706,0.10988979549198419
2023-05-16 07:01:42.100000+00:00,327.45714024135043,13.814285414559501,31,1166892219.142857,266.69944763183594,2023-05-16 07:01:42.100000+00:00,1684220502,0.2857140132359248,0.12087884840074417
2023-05-16 07:01:42.200000+00:00,327.4714268,13.842856815883092,31,1166911783.4285715,266.9087320963542,2023-05-16 07:01:42.200000+00:00,1684220502,0.28571401323590706,0.13186790130950554
2023-05-16 07:01:42.300000+00:00,327.48571341378346,13.871428217206683,31,1166931347.7142856,267.1180165608724,2023-05-16 07:01:42.300000+00:00,1684220502,0.28571401323590706,0.14285695421826689
2023-05-16 07:01:42.400000+00:00,327.5,13.899999618530273,31,1166950912,267.3273010253906,2023-05-16 07:01:42.400000+00:00,1684220502,0.28571401323590706,0.15384600712702826
2023-05-16 07:01:42.500000+00:00,327.5,13.899999618530273,31,1166950912,267.3273010253906,2023-05-16 07:01:42.500000+00:00,1684220503,0,0.13186800610888155
2023-05-16 07:01:42.600000+00:00,327.5,13.899999618530273,31,1166950912,267.3273010253906,2023-05-16 07:01:42.600000+00:00,1684220503,0,0.10989000509073485
2023-05-16 07:01:42.700000+00:00,327.5,13.899999618530273,31,1166950912,267.3273010253906,2023-05-16 07:01:42.700000+00:00,1684220503,0,0.087912004
2023-05-16 07:01:42.800000+00:00,327.5,13.899999618530273,31,1166950912,267.3273010253906,2023-05-16 07:01:42.800000+00:00,1684220503,0,0.065934003
2023-05-16 07:01:42.900000+00:00,327.5,13.899999618530273,31,1166950912,267.3273010253906,2023-05-16 07:01:42.900000+00:00,1684220503,0,0.043956002
2023-05-16 07:01:43+00:00,327.5,13.899999618530273,31,1166950912,267.3273010253906,2023-05-16 07:01:43+00:00,1684220503,0,0.021978001018146696
2023-05-16 07:01:43.100000+00:00,327.5,13.899999618530273,31,1166950912,267.3273010253906,2023-05-16 07:01:43.100000+00:00,1684220503,0,0
2023-05-16 07:01:43.200000+00:00,327.5,13.899999618530273,31,1166950912,267.53798421223956,2023-05-16 07:01:43.200000+00:00,1684220503,0,0.010989052908761355
2023-05-16 07:01:43.300000+00:00,327.5,13.899999618530273,31,1166950912,267.74866739908856,2023-05-16 07:01:43.300000+00:00,1684220503,0,0.021978106
2023-05-16 07:01:43.400000+00:00,327.5,13.899999618530273,31,1166950912,267.9593505859375,2023-05-16 07:01:43.400000+00:00,1684220503,0,0.032967159
2023-05-16 07:01:43.500000+00:00,327.5,13.899999618530273,31,1166950912,268.17003377278644,2023-05-16 07:01:43.500000+00:00,1684220504,0,0.043956211635044054
2023-05-16 07:01:43.600000+00:00,327.5,13.899999618530273,31,1166950912,268.38071695963544,2023-05-16 07:01:43.600000+00:00,1684220504,0,0.054945265
2023-05-16 07:01:43.700000+00:00,327.5,13.899999618530273,31,1166950912,268.5914001464844,2023-05-16 07:01:43.700000+00:00,1684220504,0,0.065934317
2023-05-16 07:01:43.800000+00:00,327.5,13.914285387311663,31,1166960084.142857,268.7729230608259,2023-05-16 07:01:43.800000+00:00,1684220504,0.14285768781389763,0.07692337
2023-05-16 07:01:43.900000+00:00,327.5,13.928571156093053,31,1166969256.2857144,268.9544459751674,2023-05-16 07:01:43.900000+00:00,1684220504,0.14285768781389763,0.07692337
2023-05-16 07:01:44+00:00,327.5,13.942856924874443,31,1166978428.4285715,269.13596888950894,2023-05-16 07:01:44+00:00,1684220504,0.14285768781389763,0.07692337
2023-05-16 07:01:44.100000+00:00,327.5,13.95714269365583,31,1166987600.5714285,269.31749180385043,2023-05-16 07:01:44.100000+00:00,1684220504,0.14285768781387986,0.07692337
2023-05-16 07:01:44.200000+00:00,327.5,13.97142846243722,31,1166996772.7142856,269.4990147,2023-05-16 07:01:44.200000+00:00,1684220504,0.14285768781389763,0.07692337
2023-05-16 07:01:44.300000+00:00,327.5,13.98571423121861,31,1167005944.857143,269.68053763253346,2023-05-16 07:01:44.300000+00:00,1684220504,0.14285768781389763,0.07692337
2023-05-16 07:01:44.400000+00:00,327.48571341378346,14,31,1167015117,269.8620605,2023-05-16 07:01:44.400000+00:00,1684220504,0.14285768781389763,0.07692337
2023-05-16 07:01:44.500000+00:00,327.4714268,14,31,1167015117,269.8620605,2023-05-16 07:01:44.500000+00:00,1684220505,0,0.054945265
2023-05-16 07:01:44.600000+00:00,327.45714024135043,14,31,1167015117,269.8620605,2023-05-16 07:01:44.600000+00:00,1684220505,0,0.032967158726282704
2023-05-16 07:01:44.700000+00:00,327.44285365513394,14,31,1167015117,269.8620605,2023-05-16 07:01:44.700000+00:00,1684220505,0,0.010989053
2023-05-16 07:01:44.800000+00:00,327.4285670689174,14,31,1167015117,269.8620605,2023-05-16 07:01:44.800000+00:00,1684220505,0,-0.010989053
2023-05-16 07:01:44.900000+00:00,327.4142804827009,14,31,1167015117,269.8620605,2023-05-16 07:01:44.900000+00:00,1684220505,0,-0.032967159
2023-05-16 07:01:45+00:00,327.3999938964844,14,31,1167015117,269.8620605,2023-05-16 07:01:45+00:00,1684220505,0,-0.054945265
2023-05-16 07:01:45.100000+00:00,327.4142804827009,13.98571423121861,31,1167005944.857143,269.8620605,2023-05-16 07:01:45.100000+00:00,1684220505,-0.142857688,-0.07692337
2023-05-16 07:01:45.200000+00:00,327.4285670689174,13.97142846243722,31,1166996772.7142856,270.0731201171875,2023-05-16 07:01:45.200000+00:00,1684220505,-0.142857688,-0.07692337
2023-05-16 07:01:45.300000+00:00,327.44285365513394,13.95714269365583,31,1166987600.5714285,270.2841797,2023-05-16 07:01:45.300000+00:00,1684220505,-0.142857688,-0.07692337
2023-05-16 07:01:45.400000+00:00,327.45714024135043,13.942856924874443,31,1166978428.4285715,270.4952392578125,2023-05-16 07:01:45.400000+00:00,1684220505,-0.142857688,-0.07692337
2023-05-16 07:01:45.500000+00:00,327.4714268,13.928571156093053,31,1166969256.2857144,270.7062988,2023-05-16 07:01:45.500000+00:00,1684220506,-0.142857688,-0.07692337
2023-05-16 07:01:45.600000+00:00,327.48571341378346,13.914285387311663,31,1166960084.142857,270.9173583984375,2023-05-16 07:01:45.600000+00:00,1684220506,-0.142857688,-0.07692337
2023-05-16 07:01:45.700000+00:00,327.5,13.899999618530273,31,1166950912,271.128418,2023-05-16 07:01:45.700000+00:00,1684220506,-0.142857688,-0.07692337
2023-05-16 07:01:45.800000+00:00,327.5,13.899999618530273,31,1166950505.2857144,271.3091735839844,2023-05-16 07:01:45.800000+00:00,1684220506,0,-0.065934317
2023-05-16 07:01:45.900000+00:00,327.5,13.899999618530273,31,1166950098.5714285,271.48992919921875,2023-05-16 07:01:45.900000+00:00,1684220506,0,-0.054945265
2023-05-16 07:01:46+00:00,327.5,13.899999618530273,31,1166949691.857143,271.6706848144531,2023-05-16 07:01:46+00:00,1684220506,0,-0.043956212
2023-05-16 07:01:46.100000+00:00,327.5,13.899999618530273,31,1166949285.142857,271.8514404296875,2023-05-16 07:01:46.100000+00:00,1684220506,0,-0.032967159
2023-05-16 07:01:46.200000+00:00,327.5,13.899999618530273,31,1166948878.4285715,272.0321960449219,2023-05-16 07:01:46.200000+00:00,1684220506,0,-0.021978106
2023-05-16 07:01:46.300000+00:00,327.5,13.899999618530273,31,1166948471.7142856,272.21295166015625,2023-05-16 07:01:46.300000+00:00,1684220506,0,-0.010989053
2023-05-16 07:01:46.400000+00:00,327.48571341378346,13.899999618530273,31,1166948065,272.3937072753906,2023-05-16 07:01:46.400000+00:00,1684220506,0,0
2023-05-16 07:01:46.500000+00:00,327.4714268,13.899999618530273,31,1166948065,272.3937072753906,2023-05-16 07:01:46.500000+00:00,1684220507,0,0
2023-05-16 07:01:46.600000+00:00,327.45714024135043,13.899999618530273,31,1166948065,272.3937072753906,2023-05-16 07:01:46.600000+00:00,1684220507,0,0
2023-05-16 07:01:46.700000+00:00,327.44285365513394,13.899999618530273,31,1166948065,272.3937072753906,2023-05-16 07:01:46.700000+00:00,1684220507,0,0
2023-05-16 07:01:46.800000+00:00,327.4285670689174,13.899999618530273,31,1166948065,272.3937072753906,2023-05-16 07:01:46.800000+00:00,1684220507,0,0
2023-05-16 07:01:46.900000+00:00,327.4142804827009,13.899999618530273,31,1166948065,272.3937072753906,2023-05-16 07:01:46.900000+00:00,1684220507,0,0
2023-05-16 07:01:47+00:00,327.3999938964844,13.899999618530273,31,1166948065,272.3937072753906,2023-05-16 07:01:47+00:00,1684220507,0,0
2023-05-16 07:01:47.100000+00:00,327.4142804827009,13.899999618530273,31,1166948471.7142856,272.3937072753906,2023-05-16 07:01:47.100000+00:00,1684220507,0,0
2023-05-16 07:01:47.200000+00:00,327.4285670689174,13.899999618530273,31,1166948878.4285715,272.6045227050781,2023-05-16 07:01:47.200000+00:00,1684220507,0,0
2023-05-16 07:01:47.300000+00:00,327.44285365513394,13.899999618530273,31,1166949285.142857,272.8153381347656,2023-05-16 07:01:47.300000+00:00,1684220507,0,0
2023-05-16 07:01:47.400000+00:00,327.45714024135043,13.899999618530273,31,1166949691.857143,273.0261535644531,2023-05-16 07:01:47.400000+00:00,1684220507,0,0
2023-05-16 07:01:47.500000+00:00,327.4714268,13.899999618530273,31,1166950098.5714285,273.2369689941406,2023-05-16 07:01:47.500000+00:00,1684220508,0,0
2023-05-16 07:01:47.600000+00:00,327.48571341378346,13.899999618530273,31,1166950505.2857144,273.4477844238281,2023-05-16 07:01:47.600000+00:00,1684220508,0,0
2023-05-16 07:01:47.700000+00:00,327.5,13.899999618530273,31,1166950912,273.6585998535156,2023-05-16 07:01:47.700000+00:00,1684220508,0,0
2023-05-16 07:01:47.800000+00:00,327.5,13.899999618530273,31,1166950912,273.83936854771207,2023-05-16 07:01:47.800000+00:00,1684220508,0,0
2023-05-16 07:01:47.900000+00:00,327.5,13.899999618530273,31,1166950912,274.02013724190846,2023-05-16 07:01:47.900000+00:00,1684220508,0,0
2023-05-16 07:01:48+00:00,327.5,13.899999618530273,31,1166950912,274.2009059361049,2023-05-16 07:01:48+00:00,1684220508,0,0
2023-05-16 07:01:48.100000+00:00,327.5,13.899999618530273,31,1166950912,274.38167463030135,2023-05-16 07:01:48.100000+00:00,1684220508,0,0
2023-05-16 07:01:48.200000+00:00,327.5,13.899999618530273,31,1166950912,274.5624433244978,2023-05-16 07:01:48.200000+00:00,1684220508,0,0
2023-05-16 07:01:48.300000+00:00,327.5,13.899999618530273,31,1166950912,274.7432120186942,2023-05-16 07:01:48.300000+00:00,1684220508,0,0
2023-05-16 07:01:48.400000+00:00,327.5,13.899999618530273,31,1166950912,274.9239807128906,2023-05-16 07:01:48.400000+00:00,1684220508,0,0
2023-05-16 07:01:48.500000+00:00,327.5,13.899999618530273,31,1166950912,274.9239807128906,2023-05-16 07:01:48.500000+00:00,1684220509,0,0
2023-05-16 07:01:48.600000+00:00,327.5,13.899999618530273,31,1166950912,274.9239807128906,2023-05-16 07:01:48.600000+00:00,1684220509,0,0
2023-05-16 07:01:48.700000+00:00,327.5,13.899999618530273,31,1166950912,274.9239807128906,2023-05-16 07:01:48.700000+00:00,1684220509,0,0
2023-05-16 07:01:48.800000+00:00,327.5,13.899999618530273,31,1166950912,274.9239807128906,2023-05-16 07:01:48.800000+00:00,1684220509,0,0
2023-05-16 07:01:48.900000+00:00,327.5,13.899999618530273,31,1166950912,274.9239807128906,2023-05-16 07:01:48.900000+00:00,1684220509,0,0
2023-05-16 07:01:49+00:00,327.5,13.899999618530273,31,1166950912,274.9239807128906,2023-05-16 07:01:49+00:00,1684220509,0,0
2023-05-16 07:01:49.100000+00:00,327.5,13.899999618530273,31,1166950912,275.1034633091518,2023-05-16 07:01:49.100000+00:00,1684220509,0,0
2023-05-16 07:01:49.200000+00:00,327.5,13.899999618530273,31,1166950912,275.28294590541293,2023-05-16 07:01:49.200000+00:00,1684220509,0,0
2023-05-16 07:01:49.300000+00:00,327.5,13.899999618530273,31,1166950912,275.4624285016741,2023-05-16 07:01:49.300000+00:00,1684220509,0,0
2023-05-16 07:01:49.400000+00:00,327.5,13.899999618530273,31,1166950912,275.6419110979353,2023-05-16 07:01:49.400000+00:00,1684220509,0,0
2023-05-16 07:01:49.500000+00:00,327.5,13.899999618530273,31,1166950912,275.82139369419644,2023-05-16 07:01:49.500000+00:00,1684220510,0,0
2023-05-16 07:01:49.600000+00:00,327.5,13.899999618530273,31,1166950912,276.0008762904576,2023-05-16 07:01:49.600000+00:00,1684220510,0,0
2023-05-16 07:01:49.700000+00:00,327.5,13.899999618530273,31,1166950912,276.18035888671875,2023-05-16 07:01:49.700000+00:00,1684220510,0,0
2023-05-16 07:01:49.800000+00:00,327.5,13.899999618530273,31,1166950912,276.36109706333707,2023-05-16 07:01:49.800000+00:00,1684220510,0,0
2023-05-16 07:01:49.900000+00:00,327.5,13.899999618530273,31,1166950912,276.54183523995533,2023-05-16 07:01:49.900000+00:00,1684220510,0,0
2023-05-16 07:01:50+00:00,327.5,13.899999618530273,31,1166950912,276.72257341657365,2023-05-16 07:01:50+00:00,1684220510,0,0
2023-05-16 07:01:50.100000+00:00,327.5,13.899999618530273,31,1166950912,276.9033116,2023-05-16 07:01:50.100000+00:00,1684220510,0,0
2023-05-16 07:01:50.200000+00:00,327.5,13.899999618530273,31,1166950912,277.0840497698103,2023-05-16 07:01:50.200000+00:00,1684220510,0,0
2023-05-16 07:01:50.300000+00:00,327.5,13.899999618530273,31,1166950912,277.26478794642856,2023-05-16 07:01:50.300000+00:00,1684220510,0,0
2023-05-16 07:01:50.400000+00:00,327.5,13.899999618530273,31,1166950912,277.4455261230469,2023-05-16 07:01:50.400000+00:00,1684220510,0,0
2023-05-16 07:01:50.500000+00:00,327.5,13.899999618530273,31,1166950912,277.4455261230469,2023-05-16 07:01:50.500000+00:00,1684220511,0,0.010989052908761355
2023-05-16 07:01:50.600000+00:00,327.5,13.899999618530273,31,1166950912,277.4455261230469,2023-05-16 07:01:50.600000+00:00,1684220511,0,0.021978106
2023-05-16 07:01:50.700000+00:00,327.5,13.899999618530273,31,1166950912,277.4455261230469,2023-05-16 07:01:50.700000+00:00,1684220511,0,0.032967159
2023-05-16 07:01:50.800000+00:00,327.5,13.899999618530273,31,1166950912,277.4455261230469,2023-05-16 07:01:50.800000+00:00,1684220511,0,0.043956211635044054
2023-05-16 07:01:50.900000+00:00,327.5,13.899999618530273,31,1166950912,277.4455261230469,2023-05-16 07:01:50.900000+00:00,1684220511,0,0.054945265
2023-05-16 07:01:51+00:00,327.5,13.899999618530273,31,1166950912,277.4455261230469,2023-05-16 07:01:51+00:00,1684220511,0,0.065934317
2023-05-16 07:01:51.100000+00:00,327.5,13.914285387311663,31,1166960493.7142856,277.6267787388393,2023-05-16 07:01:51.100000+00:00,1684220511,0.14285768781389763,0.07692337
2023-05-16 07:01:51.200000+00:00,327.5,13.928571156093053,31,1166970075.4285715,277.8080313546317,2023-05-16 07:01:51.200000+00:00,1684220511,0.14285768781389763,0.07692337
2023-05-16 07:01:51.300000+00:00,327.5,13.942856924874443,31,1166979657.142857,277.9892839704241,2023-05-16 07:01:51.300000+00:00,1684220511,0.14285768781389763,0.07692337
2023-05-16 07:01:51.400000+00:00,327.5,13.95714269365583,31,1166989238.857143,278.17053658621654,2023-05-16 07:01:51.400000+00:00,1684220511,0.14285768781387986,0.07692337
2023-05-16 07:01:51.500000+00:00,327.5,13.97142846243722,31,1166998820.5714285,278.35178920200894,2023-05-16 07:01:51.500000+00:00,1684220512,0.14285768781389763,0.07692337
2023-05-16 07:01:51.600000+00:00,327.5,13.98571423121861,31,1167008402.2857144,278.53304181780135,2023-05-16 07:01:51.600000+00:00,1684220512,0.14285768781389763,0.07692337
2023-05-16 07:01:51.700000+00:00,327.5,14,31,1167017984,278.71429443359375,2023-05-16 07:01:51.700000+00:00,1684220512,0.14285768781389763,0.07692337
2023-05-16 07:01:51.800000+00:00,327.5,14,31,1167008402.2857144,278.89556884765625,2023-05-16 07:01:51.800000+00:00,1684220512,0,0.054945265
2023-05-16 07:01:51.900000+00:00,327.5,14,31,1166998820.5714285,279.07684326171875,2023-05-16 07:01:51.900000+00:00,1684220512,0,0.032967158726282704
2023-05-16 07:01:52+00:00,327.5,14,31,1166989238.857143,279.25811767578125,2023-05-16 07:01:52+00:00,1684220512,0,0.010989053
2023-05-16 07:01:52.100000+00:00,327.5,14,31,1166979657.142857,279.43939208984375,2023-05-16 07:01:52.100000+00:00,1684220512,0,-0.010989053
2023-05-16 07:01:52.200000+00:00,327.5,14,31,1166970075.4285715,279.62066650390625,2023-05-16 07:01:52.200000+00:00,1684220512,0,-0.032967159
2023-05-16 07:01:52.300000+00:00,327.5,14,31,1166960493.7142856,279.80194091796875,2023-05-16 07:01:52.300000+00:00,1684220512,0,-0.054945265
2023-05-16 07:01:52.400000+00:00,327.5,13.98571423121861,31,1166950912,279.98321533203125,2023-05-16 07:01:52.400000+00:00,1684220512,-0.142857688,-0.07692337
2023-05-16 07:01:52.500000+00:00,327.5,13.97142846243722,31,1166950912,279.98321533203125,2023-05-16 07:01:52.500000+00:00,1684220513,-0.142857688,-0.07692337
2023-05-16 07:01:52.600000+00:00,327.5,13.95714269365583,31,1166950912,279.98321533203125,2023-05-16 07:01:52.600000+00:00,1684220513,-0.142857688,-0.07692337
2023-05-16 07:01:52.700000+00:00,327.5,13.942856924874443,31,1166950912,279.98321533203125,2023-05-16 07:01:52.700000+00:00,1684220513,-0.142857688,-0.07692337
2023-05-16 07:01:52.800000+00:00,327.5,13.928571156093053,31,1166950912,279.98321533203125,2023-05-16 07:01:52.800000+00:00,1684220513,-0.142857688,-0.07692337
2023-05-16 07:01:52.900000+00:00,327.5,13.914285387311663,31,1166950912,279.98321533203125,2023-05-16 07:01:52.900000+00:00,1684220513,-0.142857688,-0.07692337
2023-05-16 07:01:53+00:00,327.5,13.899999618530273,31,1166950912,279.98321533203125,2023-05-16 07:01:53+00:00,1684220513,-0.142857688,-0.07692337
2023-05-16 07:01:53.100000+00:00,327.5,13.899999618530273,31,1166950912,280.1637529645647,2023-05-16 07:01:53.100000+00:00,1684220513,0,-0.065934317
2023-05-16 07:01:53.200000+00:00,327.5,13.899999618530273,31,1166950912,280.3442905970982,2023-05-16 07:01:53.200000+00:00,1684220513,0,-0.054945265
2023-05-16 07:01:53.300000+00:00,327.5,13.899999618530273,31,1166950912,280.5248282296317,2023-05-16 07:01:53.300000+00:00,1684220513,0,-0.043956212
2023-05-16 07:01:53.400000+00:00,327.5,13.899999618530273,31,1166950912,280.7053658621652,2023-05-16 07:01:53.400000+00:00,1684220513,0,-0.032967159
2023-05-16 07:01:53.500000+00:00,327.5,13.899999618530273,31,1166950912,280.88590349469865,2023-05-16 07:01:53.500000+00:00,1684220514,0,-0.021978106
2023-05-16 07:01:53.600000+00:00,327.5,13.899999618530273,31,1166950912,281.06644112723217,2023-05-16 07:01:53.600000+00:00,1684220514,0,-0.010989053
2023-05-16 07:01:53.700000+00:00,327.5,13.899999618530273,31,1166950912,281.2469787597656,2023-05-16 07:01:53.700000+00:00,1684220514,0,0
2023-05-16 07:01:53.800000+00:00,327.5,13.899999618530273,31,1166950912,281.2469787597656,2023-05-16 07:01:53.800000+00:00,1684220514,0,0.012820561726888476
2023-05-16 07:01:53.900000+00:00,327.5,13.899999618530273,31,1166950912,281.2469787597656,2023-05-16 07:01:53.900000+00:00,1684220514,0,0.025641123453775585
2023-05-16 07:01:54+00:00,327.5,13.899999618530273,31,1166950912,281.2469787597656,2023-05-16 07:01:54+00:00,1684220514,0,0.038461685
2023-05-16 07:01:54.100000+00:00,327.5,13.899999618530273,31,1166950912,281.2469787597656,2023-05-16 07:01:54.100000+00:00,1684220514,0,0.051282247
2023-05-16 07:01:54.200000+00:00,327.5,13.899999618530273,31,1166950912,281.2469787597656,2023-05-16 07:01:54.200000+00:00,1684220514,0,0.064102809
2023-05-16 07:01:54.300000+00:00,327.5,13.899999618530273,31,1166950912,281.2469787597656,2023-05-16 07:01:54.300000+00:00,1684220514,0,0.07692337
2023-05-16 07:01:54.400000+00:00,327.5,13.916666348775228,31,1166962090.6666667,281.4284581,2023-05-16 07:01:54.400000+00:00,1684220514,0.1666673024495502,0.065934317
2023-05-16 07:01:54.500000+00:00,327.5,13.933333079020182,31,1166973269.3333333,281.6099373953683,2023-05-16 07:01:54.500000+00:00,1684220515,0.16666730244953243,0.054945265
2023-05-16 07:01:54.600000+00:00,327.5,13.949999809265137,31,1166984448,281.79141671316967,2023-05-16 07:01:54.600000+00:00,1684220515,0.1666673024495502,0.043956211635044054
2023-05-16 07:01:54.700000+00:00,327.5,13.966666539510092,31,1166995626.6666667,281.97289603097096,2023-05-16 07:01:54.700000+00:00,1684220515,0.1666673024495502,0.032967159
2023-05-16 07:01:54.800000+00:00,327.5,13.983333269755045,31,1167006805.3333333,282.1543753487723,2023-05-16 07:01:54.800000+00:00,1684220515,0.16666730244953243,0.021978106
2023-05-16 07:01:54.900000+00:00,327.5,14,31,1167017984,282.33585466657365,2023-05-16 07:01:54.900000+00:00,1684220515,0.1666673024495502,0.010989052908761355
2023-05-16 07:01:55+00:00,327.5,13.98571423121861,31,1167008402.2857144,282.517334,2023-05-16 07:01:55+00:00,1684220515,-0.142857688,0
2023-05-16 07:01:55.100000+00:00,327.5,13.97142846243722,31,1166998820.5714285,282.7279917399089,2023-05-16 07:01:55.100000+00:00,1684220515,-0.142857688,-0.012820562
2023-05-16 07:01:55.200000+00:00,327.5,13.95714269365583,31,1166989238.857143,282.9386494954427,2023-05-16 07:01:55.200000+00:00,1684220515,-0.142857688,-0.025641123
2023-05-16 07:01:55.300000+00:00,327.5,13.942856924874443,31,1166979657.142857,283.14930725097656,2023-05-16 07:01:55.300000+00:00,1684220515,-0.142857688,-0.038461685
2023-05-16 07:01:55.400000+00:00,327.5,13.928571156093053,31,1166970075.4285715,283.35996500651044,2023-05-16 07:01:55.400000+00:00,1684220515,-0.142857688,-0.051282247
2023-05-16 07:01:55.500000+00:00,327.5,13.914285387311663,31,1166960493.7142856,283.57062276204425,2023-05-16 07:01:55.500000+00:00,1684220516,-0.142857688,-0.064102809
2023-05-16 07:01:55.600000+00:00,327.5,13.899999618530273,31,1166950912,283.7812805175781,2023-05-16 07:01:55.600000+00:00,1684220516,-0.142857688,-0.07692337
2023-05-16 07:01:55.700000+00:00,327.5,13.899999618530273,31,1166950912,283.7812805175781,2023-05-16 07:01:55.700000+00:00,1684220516,0,-0.085165068
2023-05-16 07:01:55.800000+00:00,327.5,13.899999618530273,31,1166950912,283.7812805175781,2023-05-16 07:01:55.800000+00:00,1684220516,0,-0.093406766
2023-05-16 07:01:55.900000+00:00,327.5,13.899999618530273,31,1166950912,283.7812805175781,2023-05-16 07:01:55.900000+00:00,1684220516,0,-0.101648464
2023-05-16 07:01:56+00:00,327.5,13.899999618530273,31,1166950912,283.7812805175781,2023-05-16 07:01:56+00:00,1684220516,0,-0.109890162
2023-05-16 07:01:56.100000+00:00,327.5,13.899999618530273,31,1166950912,283.7812805175781,2023-05-16 07:01:56.100000+00:00,1684220516,0,-0.11813186
2023-05-16 07:01:56.200000+00:00,327.5,13.899999618530273,31,1166950912,283.7812805175781,2023-05-16 07:01:56.200000+00:00,1684220516,0,-0.126373558
2023-05-16 07:01:56.300000+00:00,327.5,13.874999642372131,31,1166934144,283.7812805175781,2023-05-16 07:01:56.300000+00:00,1684220516,-0.249999762,-0.134615256
2023-05-16 07:01:56.400000+00:00,327.5,13.84999966621399,31,1166917376,283.9602268763951,2023-05-16 07:01:56.400000+00:00,1684220516,-0.249999762,-0.153846007
2023-05-16 07:01:56.500000+00:00,327.5,13.824999690055847,31,1166900608,284.13917323521207,2023-05-16 07:01:56.500000+00:00,1684220517,-0.249999762,-0.128205006
2023-05-16 07:01:56.600000+00:00,327.5,13.799999713897705,31,1166883840,284.31811959402904,2023-05-16 07:01:56.600000+00:00,1684220517,-0.249999762,-0.102564005
2023-05-16 07:01:56.700000+00:00,327.5,13.774999737739563,31,1166867072,284.49706595284596,2023-05-16 07:01:56.700000+00:00,1684220517,-0.249999762,-0.076923004
2023-05-16 07:01:56.800000+00:00,327.5,13.749999761581421,31,1166850304,284.67601231166293,2023-05-16 07:01:56.800000+00:00,1684220517,-0.249999762,-0.051282002
2023-05-16 07:01:56.900000+00:00,327.5,13.724999785423279,31,1166833536,284.8549586704799,2023-05-16 07:01:56.900000+00:00,1684220517,-0.249999762,-0.025641001
2023-05-16 07:01:57+00:00,327.5,13.699999809265137,31,1166816768,285.0339050292969,2023-05-16 07:01:57+00:00,1684220517,-0.249999762,0.019230750890878532
2023-05-16 07:01:57.100000+00:00,327.5,13.733333110809326,31,1166839125.3333333,285.24367268880206,2023-05-16 07:01:57.100000+00:00,1684220517,0.33333301544189453,0.038461501781757064
2023-05-16 07:01:57.200000+00:00,327.5,13.766666412353516,31,1166861482.6666667,285.4534403483073,2023-05-16 07:01:57.200000+00:00,1684220517,0.33333301544189453,0.057692253
2023-05-16 07:01:57.300000+00:00,327.5,13.799999713897705,31,1166883840,285.6632080078125,2023-05-16 07:01:57.300000+00:00,1684220517,0.33333301544189453,0.076923004
2023-05-16 07:01:57.400000+00:00,327.5,13.833333015441895,31,1166906197.3333333,285.8729756673177,2023-05-16 07:01:57.400000+00:00,1684220517,0.33333301544189453,0.096153754
2023-05-16 07:01:57.500000+00:00,327.5,13.866666316986084,31,1166928554.6666667,286.08274332682294,2023-05-16 07:01:57.500000+00:00,1684220518,0.33333301544189453,0.11538450534527118
2023-05-16 07:01:57.600000+00:00,327.5,13.899999618530273,31,1166950912,286.2925109863281,2023-05-16 07:01:57.600000+00:00,1684220518,0.33333301544189453,0.13461525623614973
2023-05-16 07:01:57.700000+00:00,327.5,13.899999618530273,31,1166950912,286.2925109863281,2023-05-16 07:01:57.700000+00:00,1684220518,0,0.1648350600357896
2023-05-16 07:01:57.800000+00:00,327.5,13.899999618530273,31,1166950912,286.2925109863281,2023-05-16 07:01:57.800000+00:00,1684220518,0,0.15018311175671292
2023-05-16 07:01:57.900000+00:00,327.5,13.899999618530273,31,1166950912,286.2925109863281,2023-05-16 07:01:57.900000+00:00,1684220518,0,0.13553116347763622
2023-05-16 07:01:58+00:00,327.5,13.899999618530273,31,1166950912,286.2925109863281,2023-05-16 07:01:58+00:00,1684220518,0,0.12087921519855818
2023-05-16 07:01:58.100000+00:00,327.5,13.899999618530273,31,1166950912,286.2925109863281,2023-05-16 07:01:58.100000+00:00,1684220518,0,0.10622726691948149
2023-05-16 07:01:58.200000+00:00,327.5,13.899999618530273,31,1166950912,286.2925109863281,2023-05-16 07:01:58.200000+00:00,1684220518,0,0.091575319
2023-05-16 07:01:58.300000+00:00,327.5,13.914285387311663,31,1166950912,286.2925109863281,2023-05-16 07:01:58.300000+00:00,1684220518,0.14285768781389763,0.07692337
2023-05-16 07:01:58.400000+00:00,327.5,13.928571156093053,31,1166962090.6666667,286.5035705566406,2023-05-16 07:01:58.400000+00:00,1684220518,0.14285768781389763,0.054945369
2023-05-16 07:01:58.500000+00:00,327.5,13.942856924874443,31,1166973269.3333333,286.7146301269531,2023-05-16 07:01:58.500000+00:00,1684220519,0.14285768781389763,0.032967368
2023-05-16 07:01:58.600000+00:00,327.5,13.95714269365583,31,1166984448,286.9256896972656,2023-05-16 07:01:58.600000+00:00,1684220519,0.14285768781387986,0.010989367306888034
2023-05-16 07:09:59.800000+00:00,331.29998779296875,50,33,1182886400,2072.723429361979,2023-05-16 07:09:59.800000+00:00,1684221000,0,-0.128205617
2023-05-16 07:09:59.900000+00:00,331.29998779296875,50,33,1182886400,2073.490234,2023-05-16 07:09:59.900000+00:00,1684221000,0,-0.153846741
